url,title,category,risk,proposed_action,evidence_required,redirect_target
"https://aicoopai.com/blog/5-essential-collaborative-tools-for-tech-entrepreneurs","5 Essential Collaborative Tools For Tech Entrepreneurs","CONSOLIDATE","medium","Merge useful material into a sourced evergreen resource and redirect after review","Reader need; current sources; differentiated guidance; factual review; canonical destination","/resources/"
"https://aicoopai.com/blog/5-must-read-books-for-aspiring-tech-entrepreneurs","5 Must Read Books For Aspiring Tech Entrepreneurs","CONSOLIDATE","medium","Merge useful material into a sourced evergreen resource and redirect after review","Reader need; current sources; differentiated guidance; factual review; canonical destination","/resources/"
"https://aicoopai.com/blog/a-beginner-s-guide-to-navigating-aicoop-ai-s-tech-community-platform","A Beginner S Guide To Navigating Aicoop Ai S Tech Community Platform","SUBSTANTIATE","high","Substantiate current AiCoOpAI claims or rewrite as an explicitly aspirational concept","Current public feature; responsible owner; date; supporting link; outcome evidence where claimed","/about/"
"https://aicoopai.com/blog/a-beginner-s-guide-to-sharing-ideas-on-aicoop-ai","A Beginner S Guide To Sharing Ideas On Aicoop Ai","SUBSTANTIATE","high","Substantiate current AiCoOpAI claims or rewrite as an explicitly aspirational concept","Current public feature; responsible owner; date; supporting link; outcome evidence where claimed","/about/"
"https://aicoopai.com/blog/a-guide-to-collaborative-tools-on-aicoop-ai-for-entrepreneurs","A Guide To Collaborative Tools On Aicoop Ai For Entrepreneurs","SUBSTANTIATE","high","Substantiate current AiCoOpAI claims or rewrite as an explicitly aspirational concept","Current public feature; responsible owner; date; supporting link; outcome evidence where claimed","/about/"
"https://aicoopai.com/blog/aicoop-ai--a-new-era-of-collaborative-resource-sharing-in-tech","Aicoop Ai: A New Era Of Collaborative Resource Sharing In Tech","SUBSTANTIATE","high","Substantiate current AiCoOpAI claims or rewrite as an explicitly aspirational concept","Current public feature; responsible owner; date; supporting link; outcome evidence where claimed","/about/"
"https://aicoopai.com/blog/aicoop-ai--empowering-entrepreneurs-in-walton-county-s-tech-scene","Aicoop Ai: Empowering Entrepreneurs In Walton County S Tech Scene","VERIFY_LOCAL","high","Verify local claims and sources or consolidate into an evidence-based Florida guide","Primary local source; organization; location; time period; link; permission when people are identified","/resources/"
"https://aicoopai.com/blog/aicoop-ai-vs--other-collaborative-platforms--what-sets-us-apart","Aicoop Ai Vs: Other Collaborative Platforms: What Sets Us Apart","SUBSTANTIATE","high","Substantiate current AiCoOpAI claims or rewrite as an explicitly aspirational concept","Current public feature; responsible owner; date; supporting link; outcome evidence where claimed","/about/"
"https://aicoopai.com/blog/aicoop-ai-vs--other-platforms--what-sets-us-apart-","Aicoop Ai Vs: Other Platforms: What Sets Us Apart","SUBSTANTIATE","high","Substantiate current AiCoOpAI claims or rewrite as an explicitly aspirational concept","Current public feature; responsible owner; date; supporting link; outcome evidence where claimed","/about/"
"https://aicoopai.com/blog/aicoop-ai-vs--other-platforms--what-sets-us-apart-for-tech-innovators","Aicoop Ai Vs: Other Platforms: What Sets Us Apart For Tech Innovators","SUBSTANTIATE","high","Substantiate current AiCoOpAI claims or rewrite as an explicitly aspirational concept","Current public feature; responsible owner; date; supporting link; outcome evidence where claimed","/about/"
"https://aicoopai.com/blog/aicoop-ai-vs--other-tech-networking-platforms--what-sets-us-apart","Aicoop Ai Vs: Other Tech Networking Platforms: What Sets Us Apart","SUBSTANTIATE","high","Substantiate current AiCoOpAI claims or rewrite as an explicitly aspirational concept","Current public feature; responsible owner; date; supporting link; outcome evidence where claimed","/about/"
"https://aicoopai.com/blog/aicoop-ai-vs-competitors--what-sets-our-platform-apart","Aicoop Ai Vs Competitors: What Sets Our Platform Apart","SUBSTANTIATE","high","Substantiate current AiCoOpAI claims or rewrite as an explicitly aspirational concept","Current public feature; responsible owner; date; supporting link; outcome evidence where claimed","/about/"
"https://aicoopai.com/blog/aicoop-ai-vs-traditional-innovation-hubs--a-comprehensive-comparison","Aicoop Ai Vs Traditional Innovation Hubs: A Comprehensive Comparison","SUBSTANTIATE","high","Substantiate current AiCoOpAI claims or rewrite as an explicitly aspirational concept","Current public feature; responsible owner; date; supporting link; outcome evidence where claimed","/about/"
"https://aicoopai.com/blog/boost-your-tech-career-with-aicoop-ai--a-success-story","Boost Your Tech Career With Aicoop Ai: A Success Story","REMOVE_UNLESS_PROVEN","critical","Remove or retain only after substantiation and permission review","Named participant; authentic record; measured outcome; AiCoOpAI role; publication consent",""
"https://aicoopai.com/blog/building-a-future-of-tech-innovation-with-aicoop-ai","Building A Future Of Tech Innovation With Aicoop Ai","SUBSTANTIATE","high","Substantiate current AiCoOpAI claims or rewrite as an explicitly aspirational concept","Current public feature; responsible owner; date; supporting link; outcome evidence where claimed","/about/"
"https://aicoopai.com/blog/building-a-strong-developer-community--insights-from-walton-county","Building A Strong Developer Community: Insights From Walton County","VERIFY_LOCAL","high","Verify local claims and sources or consolidate into an evidence-based Florida guide","Primary local source; organization; location; time period; link; permission when people are identified","/resources/"
"https://aicoopai.com/blog/building-a-successful-tech-community--lessons-from-aicoop-ai","Building A Successful Tech Community: Lessons From Aicoop Ai","SUBSTANTIATE","high","Substantiate current AiCoOpAI claims or rewrite as an explicitly aspirational concept","Current public feature; responsible owner; date; supporting link; outcome evidence where claimed","/about/"
"https://aicoopai.com/blog/building-a-successful-tech-community-in-walton-county","Building A Successful Tech Community In Walton County","VERIFY_LOCAL","high","Verify local claims and sources or consolidate into an evidence-based Florida guide","Primary local source; organization; location; time period; link; permission when people are identified","/resources/"
"https://aicoopai.com/blog/building-a-supportive-developer-community--lessons-from-aicoop-ai","Building A Supportive Developer Community: Lessons From Aicoop Ai","SUBSTANTIATE","high","Substantiate current AiCoOpAI claims or rewrite as an explicitly aspirational concept","Current public feature; responsible owner; date; supporting link; outcome evidence where claimed","/about/"
"https://aicoopai.com/blog/building-a-tech-business-in-walton-county--challenges-and-opportunities","Building A Tech Business In Walton County: Challenges And Opportunities","VERIFY_LOCAL","high","Verify local claims and sources or consolidate into an evidence-based Florida guide","Primary local source; organization; location; time period; link; permission when people are identified","/resources/"
"https://aicoopai.com/blog/building-a-tech-community--the-benefits-of-joining-aicoop-ai-in-walton-county","Building A Tech Community: The Benefits Of Joining Aicoop Ai In Walton County","VERIFY_LOCAL","high","Verify local claims and sources or consolidate into an evidence-based Florida guide","Primary local source; organization; location; time period; link; permission when people are identified","/resources/"
"https://aicoopai.com/blog/building-a-thriving-developer-community-in-florida","Building A Thriving Developer Community In Florida","VERIFY_LOCAL","high","Verify local claims and sources or consolidate into an evidence-based Florida guide","Primary local source; organization; location; time period; link; permission when people are identified","/resources/"
"https://aicoopai.com/blog/building-successful-partnerships--how-to-share-resources-effectively","Building Successful Partnerships: How To Share Resources Effectively","CONSOLIDATE","medium","Merge useful material into a sourced evergreen resource and redirect after review","Reader need; current sources; differentiated guidance; factual review; canonical destination","/resources/"
"https://aicoopai.com/blog/case-study--how-a-walton-county-startup-achieved-tech-success-through-resource-sharing","Case Study: How A Walton County Startup Achieved Tech Success Through Resource Sharing","REMOVE_UNLESS_PROVEN","critical","Remove or retain only after substantiation and permission review","Named participant; authentic record; measured outcome; AiCoOpAI role; publication consent",""
"https://aicoopai.com/blog/case-study--success-stories-from-aicoop-ai-s-developer-support-community","Case Study: Success Stories From Aicoop Ai S Developer Support Community","REMOVE_UNLESS_PROVEN","critical","Remove or retain only after substantiation and permission review","Named participant; authentic record; measured outcome; AiCoOpAI role; publication consent",""
"https://aicoopai.com/blog/case-study--success-stories-from-aicoopai-com-members","Case Study: Success Stories From Aicoopai Com Members","REMOVE_UNLESS_PROVEN","critical","Remove or retain only after substantiation and permission review","Named participant; authentic record; measured outcome; AiCoOpAI role; publication consent",""
"https://aicoopai.com/blog/case-study--transforming-tech-innovation-through-aicoop-ai","Case Study: Transforming Tech Innovation Through Aicoop Ai","REMOVE_UNLESS_PROVEN","critical","Remove or retain only after substantiation and permission review","Named participant; authentic record; measured outcome; AiCoOpAI role; publication consent",""
"https://aicoopai.com/blog/collaborative-resource-sharing--a-game-changer-for-tech-entrepreneurs","Collaborative Resource Sharing: A Game Changer For Tech Entrepreneurs","REMOVE_UNLESS_PROVEN","critical","Remove or retain only after substantiation and permission review","Named participant; authentic record; measured outcome; AiCoOpAI role; publication consent",""
"https://aicoopai.com/blog/collaborative-resource-sharing--enhancing-innovation-in-tech","Collaborative Resource Sharing: Enhancing Innovation In Tech","CONSOLIDATE","medium","Merge useful material into a sourced evergreen resource and redirect after review","Reader need; current sources; differentiated guidance; factual review; canonical destination","/resources/"
"https://aicoopai.com/blog/collaborative-success-stories--entrepreneurs-thriving-on-aicoop-ai","Collaborative Success Stories: Entrepreneurs Thriving On Aicoop Ai","REMOVE_UNLESS_PROVEN","critical","Remove or retain only after substantiation and permission review","Named participant; authentic record; measured outcome; AiCoOpAI role; publication consent",""
"https://aicoopai.com/blog/collaborative-success-stories--sharing-resources-in-the-tech-industry","Collaborative Success Stories: Sharing Resources In The Tech Industry","REMOVE_UNLESS_PROVEN","critical","Remove or retain only after substantiation and permission review","Named participant; authentic record; measured outcome; AiCoOpAI role; publication consent",""
"https://aicoopai.com/blog/collaborative-tools-for-developers--enhancing-teamwork-and-innovation","Collaborative Tools For Developers: Enhancing Teamwork And Innovation","CONSOLIDATE","medium","Merge useful material into a sourced evergreen resource and redirect after review","Reader need; current sources; differentiated guidance; factual review; canonical destination","/resources/"
"https://aicoopai.com/blog/collaborative-tools-for-tech-startups--a-comprehensive-guide","Collaborative Tools For Tech Startups: A Comprehensive Guide","CONSOLIDATE","medium","Merge useful material into a sourced evergreen resource and redirect after review","Reader need; current sources; differentiated guidance; factual review; canonical destination","/resources/"
"https://aicoopai.com/blog/comparing-aicoop-ai-with-other-tech-resource-platforms--which-is-right-for-you-","Comparing Aicoop Ai With Other Tech Resource Platforms: Which Is Right For You","SUBSTANTIATE","high","Substantiate current AiCoOpAI claims or rewrite as an explicitly aspirational concept","Current public feature; responsible owner; date; supporting link; outcome evidence where claimed","/about/"
"https://aicoopai.com/blog/comparing-entrepreneur-platforms-in-the-us--aicoop-ai-vs--the-competition","Comparing Entrepreneur Platforms In The Us: Aicoop Ai Vs: The Competition","SUBSTANTIATE","high","Substantiate current AiCoOpAI claims or rewrite as an explicitly aspirational concept","Current public feature; responsible owner; date; supporting link; outcome evidence where claimed","/about/"
"https://aicoopai.com/blog/comparing-top-online-tech-platforms--which-one-is-right-for-you-","Comparing Top Online Tech Platforms: Which One Is Right For You","CONSOLIDATE","medium","Merge useful material into a sourced evergreen resource and redirect after review","Reader need; current sources; differentiated guidance; factual review; canonical destination","/resources/"
"https://aicoopai.com/blog/connecting-innovators--the-role-of-industry-expert-forums-in-tech-advancement","Connecting Innovators: The Role Of Industry Expert Forums In Tech Advancement","CONSOLIDATE","medium","Merge useful material into a sourced evergreen resource and redirect after review","Reader need; current sources; differentiated guidance; factual review; canonical destination","/resources/"
"https://aicoopai.com/blog/connecting-with-industry-experts-in-walton-county--networking-guide","Connecting With Industry Experts In Walton County: Networking Guide","VERIFY_LOCAL","high","Verify local claims and sources or consolidate into an evidence-based Florida guide","Primary local source; organization; location; time period; link; permission when people are identified","/resources/"
"https://aicoopai.com/blog/connecting-with-local-entrepreneurs--events-and-resources-in-walton-county","Connecting With Local Entrepreneurs: Events And Resources In Walton County","VERIFY_EVENT","high","Verify the event details and usefulness or remove the page","Official organizer; date; venue or access method; registration URL; status; accessibility details","/events/"
"https://aicoopai.com/blog/connecting-with-local-tech-experts--aicoop-ai-s-role-in-walton-county","Connecting With Local Tech Experts: Aicoop Ai S Role In Walton County","VERIFY_LOCAL","high","Verify local claims and sources or consolidate into an evidence-based Florida guide","Primary local source; organization; location; time period; link; permission when people are identified","/resources/"
"https://aicoopai.com/blog/current-tech-collaboration-trends--insights-from-aicoopai","Current Tech Collaboration Trends: Insights From Aicoopai","CONSOLIDATE","medium","Merge useful material into a sourced evergreen resource and redirect after review","Reader need; current sources; differentiated guidance; factual review; canonical destination","/resources/"
"https://aicoopai.com/blog/debunking-common-myths-about-tech-startups-in-florida","Debunking Common Myths About Tech Startups In Florida","VERIFY_LOCAL","high","Verify local claims and sources or consolidate into an evidence-based Florida guide","Primary local source; organization; location; time period; link; permission when people are identified","/resources/"
"https://aicoopai.com/blog/entrepreneur-networking-in-walton-county--building-a-thriving-tech-community","Entrepreneur Networking In Walton County: Building A Thriving Tech Community","VERIFY_LOCAL","high","Verify local claims and sources or consolidate into an evidence-based Florida guide","Primary local source; organization; location; time period; link; permission when people are identified","/resources/"
"https://aicoopai.com/blog/entrepreneurship-in-the-tech-industry--insights-from-walton-county","Entrepreneurship In The Tech Industry: Insights From Walton County","VERIFY_LOCAL","high","Verify local claims and sources or consolidate into an evidence-based Florida guide","Primary local source; organization; location; time period; link; permission when people are identified","/resources/"
"https://aicoopai.com/blog/expert-insights--keys-to-tech-success-for-developers-in-walton-county","Expert Insights: Keys To Tech Success For Developers In Walton County","VERIFY_LOCAL","high","Verify local claims and sources or consolidate into an evidence-based Florida guide","Primary local source; organization; location; time period; link; permission when people are identified","/resources/"
"https://aicoopai.com/blog/expert-insights--the-future-of-tech-collaboration","Expert Insights: The Future Of Tech Collaboration","CONSOLIDATE","medium","Merge useful material into a sourced evergreen resource and redirect after review","Reader need; current sources; differentiated guidance; factual review; canonical destination","/resources/"
"https://aicoopai.com/blog/expert-mentorship--empowering-entrepreneurs-in-the-tech-industry","Expert Mentorship: Empowering Entrepreneurs In The Tech Industry","CONSOLIDATE","medium","Merge useful material into a sourced evergreen resource and redirect after review","Reader need; current sources; differentiated guidance; factual review; canonical destination","/resources/"
"https://aicoopai.com/blog/expert-mentorship--how-aicoop-ai-supports-tech-entrepreneurs","Expert Mentorship: How Aicoop Ai Supports Tech Entrepreneurs","SUBSTANTIATE","high","Substantiate current AiCoOpAI claims or rewrite as an explicitly aspirational concept","Current public feature; responsible owner; date; supporting link; outcome evidence where claimed","/about/"
"https://aicoopai.com/blog/expert-mentorship--the-key-to-accelerating-tech-innovation","Expert Mentorship: The Key To Accelerating Tech Innovation","CONSOLIDATE","medium","Merge useful material into a sourced evergreen resource and redirect after review","Reader need; current sources; differentiated guidance; factual review; canonical destination","/resources/"
"https://aicoopai.com/blog/expert-mentorship--the-key-to-success-for-tech-entrepreneurs","Expert Mentorship: The Key To Success For Tech Entrepreneurs","CONSOLIDATE","medium","Merge useful material into a sourced evergreen resource and redirect after review","Reader need; current sources; differentiated guidance; factual review; canonical destination","/resources/"
"https://aicoopai.com/blog/expert-mentorship--unlocking-potential-with-aicoop-ai","Expert Mentorship: Unlocking Potential With Aicoop Ai","SUBSTANTIATE","high","Substantiate current AiCoOpAI claims or rewrite as an explicitly aspirational concept","Current public feature; responsible owner; date; supporting link; outcome evidence where claimed","/about/"
"https://aicoopai.com/blog/expert-mentorship--unlocking-your-potential-with-aicoop-ai","Expert Mentorship: Unlocking Your Potential With Aicoop Ai","SUBSTANTIATE","high","Substantiate current AiCoOpAI claims or rewrite as an explicitly aspirational concept","Current public feature; responsible owner; date; supporting link; outcome evidence where claimed","/about/"
"https://aicoopai.com/blog/expert-mentorship-at-aicoop-ai--boosting-your-tech-career","Expert Mentorship At Aicoop Ai: Boosting Your Tech Career","SUBSTANTIATE","high","Substantiate current AiCoOpAI claims or rewrite as an explicitly aspirational concept","Current public feature; responsible owner; date; supporting link; outcome evidence where claimed","/about/"
"https://aicoopai.com/blog/expert-mentorship-in-ai--building-the-future-of-tech-in-walton-county","Expert Mentorship In Ai: Building The Future Of Tech In Walton County","VERIFY_LOCAL","high","Verify local claims and sources or consolidate into an evidence-based Florida guide","Primary local source; organization; location; time period; link; permission when people are identified","/resources/"
"https://aicoopai.com/blog/expert-mentorship-in-ai--how-aicoop-ai-is-shaping-the-future-of-tech","Expert Mentorship In Ai: How Aicoop Ai Is Shaping The Future Of Tech","SUBSTANTIATE","high","Substantiate current AiCoOpAI claims or rewrite as an explicitly aspirational concept","Current public feature; responsible owner; date; supporting link; outcome evidence where claimed","/about/"
"https://aicoopai.com/blog/expert-mentorship-in-the-tech-industry--benefits-and-opportunities","Expert Mentorship In The Tech Industry: Benefits And Opportunities","CONSOLIDATE","medium","Merge useful material into a sourced evergreen resource and redirect after review","Reader need; current sources; differentiated guidance; factual review; canonical destination","/resources/"
"https://aicoopai.com/blog/expert-tips--maximizing-your-impact-on-developer-networks","Expert Tips: Maximizing Your Impact On Developer Networks","CONSOLIDATE","medium","Merge useful material into a sourced evergreen resource and redirect after review","Reader need; current sources; differentiated guidance; factual review; canonical destination","/resources/"
"https://aicoopai.com/blog/expert-tips-for-sharing-ideas-effectively-on-aicoop-ai","Expert Tips For Sharing Ideas Effectively On Aicoop Ai","SUBSTANTIATE","high","Substantiate current AiCoOpAI claims or rewrite as an explicitly aspirational concept","Current public feature; responsible owner; date; supporting link; outcome evidence where claimed","/about/"
"https://aicoopai.com/blog/expert-tips-on-utilizing-developer-community-resources-in-fl","Expert Tips On Utilizing Developer Community Resources In Fl","CONSOLIDATE","medium","Merge useful material into a sourced evergreen resource and redirect after review","Reader need; current sources; differentiated guidance; factual review; canonical destination","/resources/"
"https://aicoopai.com/blog/exploring-alternatives--what-makes-aicoop-ai-stand-out-from-similar-sites","Exploring Alternatives: What Makes Aicoop Ai Stand Out From Similar Sites","SUBSTANTIATE","high","Substantiate current AiCoOpAI claims or rewrite as an explicitly aspirational concept","Current public feature; responsible owner; date; supporting link; outcome evidence where claimed","/about/"
"https://aicoopai.com/blog/exploring-current-tech-collaboration-trends","Exploring Current Tech Collaboration Trends","CONSOLIDATE","medium","Merge useful material into a sourced evergreen resource and redirect after review","Reader need; current sources; differentiated guidance; factual review; canonical destination","/resources/"
"https://aicoopai.com/blog/exploring-current-tech-collaboration-trends--insights-from-aicoop-ai","Exploring Current Tech Collaboration Trends: Insights From Aicoop Ai","SUBSTANTIATE","high","Substantiate current AiCoOpAI claims or rewrite as an explicitly aspirational concept","Current public feature; responsible owner; date; supporting link; outcome evidence where claimed","/about/"
"https://aicoopai.com/blog/exploring-emerging-technologies-in-discussion-forums","Exploring Emerging Technologies In Discussion Forums","CONSOLIDATE","medium","Merge useful material into a sourced evergreen resource and redirect after review","Reader need; current sources; differentiated guidance; factual review; canonical destination","/resources/"
"https://aicoopai.com/blog/exploring-entrepreneur-networking-events-in-walton-county--a-local-guide","Exploring Entrepreneur Networking Events In Walton County: A Local Guide","VERIFY_EVENT","high","Verify the event details and usefulness or remove the page","Official organizer; date; venue or access method; registration URL; status; accessibility details","/events/"
"https://aicoopai.com/blog/exploring-industry-expert-forums--a-path-to-innovation","Exploring Industry Expert Forums: A Path To Innovation","CONSOLIDATE","medium","Merge useful material into a sourced evergreen resource and redirect after review","Reader need; current sources; differentiated guidance; factual review; canonical destination","/resources/"
"https://aicoopai.com/blog/exploring-innovation-hubs-in-florida--a-guide-for-tech-entrepreneurs","Exploring Innovation Hubs In Florida: A Guide For Tech Entrepreneurs","VERIFY_LOCAL","high","Verify local claims and sources or consolidate into an evidence-based Florida guide","Primary local source; organization; location; time period; link; permission when people are identified","/resources/"
"https://aicoopai.com/blog/exploring-innovation-hubs-in-florida--a-guide-for-tech-entrepreneurs-2","Exploring Innovation Hubs In Florida: A Guide For Tech Entrepreneurs 2","VERIFY_LOCAL","high","Verify local claims and sources or consolidate into an evidence-based Florida guide","Primary local source; organization; location; time period; link; permission when people are identified","/resources/"
"https://aicoopai.com/blog/exploring-platforms-like-aicoop-ai--a-comprehensive-guide-for-entrepreneurs","Exploring Platforms Like Aicoop Ai: A Comprehensive Guide For Entrepreneurs","SUBSTANTIATE","high","Substantiate current AiCoOpAI claims or rewrite as an explicitly aspirational concept","Current public feature; responsible owner; date; supporting link; outcome evidence where claimed","/about/"
"https://aicoopai.com/blog/exploring-the-future-of-tech--insights-from-walton-county-s-aicoop-ai-community","Exploring The Future Of Tech: Insights From Walton County S Aicoop Ai Community","VERIFY_LOCAL","high","Verify local claims and sources or consolidate into an evidence-based Florida guide","Primary local source; organization; location; time period; link; permission when people are identified","/resources/"
"https://aicoopai.com/blog/from-ideas-to-innovation--leveraging-aicoop-ai-for-tech-success","From Ideas To Innovation: Leveraging Aicoop Ai For Tech Success","SUBSTANTIATE","high","Substantiate current AiCoOpAI claims or rewrite as an explicitly aspirational concept","Current public feature; responsible owner; date; supporting link; outcome evidence where claimed","/about/"
"https://aicoopai.com/blog/future-of-tech--aicoop-ai-s-vision-for-ai-collaboration","Future Of Tech: Aicoop Ai S Vision For Ai Collaboration","SUBSTANTIATE","high","Substantiate current AiCoOpAI claims or rewrite as an explicitly aspirational concept","Current public feature; responsible owner; date; supporting link; outcome evidence where claimed","/about/"
"https://aicoopai.com/blog/harnessing-the-power-of-industry-expert-forums-for-startup-success","Harnessing The Power Of Industry Expert Forums For Startup Success","CONSOLIDATE","medium","Merge useful material into a sourced evergreen resource and redirect after review","Reader need; current sources; differentiated guidance; factual review; canonical destination","/resources/"
"https://aicoopai.com/blog/how-aicoop-ai-empowers-developers-in-walton-county--a-comprehensive-guide","How Aicoop Ai Empowers Developers In Walton County: A Comprehensive Guide","VERIFY_LOCAL","high","Verify local claims and sources or consolidate into an evidence-based Florida guide","Primary local source; organization; location; time period; link; permission when people are identified","/resources/"
"https://aicoopai.com/blog/how-aicoop-ai-empowers-developers-in-walton-county-2","How Aicoop Ai Empowers Developers In Walton County 2","VERIFY_LOCAL","high","Verify local claims and sources or consolidate into an evidence-based Florida guide","Primary local source; organization; location; time period; link; permission when people are identified","/resources/"
"https://aicoopai.com/blog/how-aicoop-ai-empowers-tech-entrepreneurs--a-comprehensive-guide","How Aicoop Ai Empowers Tech Entrepreneurs: A Comprehensive Guide","REMOVE_UNLESS_PROVEN","critical","Remove or retain only after substantiation and permission review","Named participant; authentic record; measured outcome; AiCoOpAI role; publication consent",""
"https://aicoopai.com/blog/how-aicoop-ai-is-redefining-tech-collaboration-in-florida","How Aicoop Ai Is Redefining Tech Collaboration In Florida","VERIFY_LOCAL","high","Verify local claims and sources or consolidate into an evidence-based Florida guide","Primary local source; organization; location; time period; link; permission when people are identified","/resources/"
"https://aicoopai.com/blog/how-aicoop-ai-is-revolutionizing-tech-success-in-walton-county","How Aicoop Ai Is Revolutionizing Tech Success In Walton County","REMOVE_UNLESS_PROVEN","critical","Remove or retain only after substantiation and permission review","Named participant; authentic record; measured outcome; AiCoOpAI role; publication consent",""
"https://aicoopai.com/blog/how-aicoop-ai-is-transforming-tech-collaboration-in-walton-county","How Aicoop Ai Is Transforming Tech Collaboration In Walton County","REMOVE_UNLESS_PROVEN","critical","Remove or retain only after substantiation and permission review","Named participant; authentic record; measured outcome; AiCoOpAI role; publication consent",""
"https://aicoopai.com/blog/how-aicoop-ai-stands-out-among-leading-developer-networks","How Aicoop Ai Stands Out Among Leading Developer Networks","SUBSTANTIATE","high","Substantiate current AiCoOpAI claims or rewrite as an explicitly aspirational concept","Current public feature; responsible owner; date; supporting link; outcome evidence where claimed","/about/"
"https://aicoopai.com/blog/how-aicoop-ai-supports-developer-success-with-expert-mentorship","How Aicoop Ai Supports Developer Success With Expert Mentorship","SUBSTANTIATE","high","Substantiate current AiCoOpAI claims or rewrite as an explicitly aspirational concept","Current public feature; responsible owner; date; supporting link; outcome evidence where claimed","/about/"
"https://aicoopai.com/blog/how-aicoopai-com-supports-developer-success-in-walton-county","How Aicoopai Com Supports Developer Success In Walton County","VERIFY_LOCAL","high","Verify local claims and sources or consolidate into an evidence-based Florida guide","Primary local source; organization; location; time period; link; permission when people are identified","/resources/"
"https://aicoopai.com/blog/how-collaborative-resource-sharing-is-transforming-tech-innovation","How Collaborative Resource Sharing Is Transforming Tech Innovation","REMOVE_UNLESS_PROVEN","critical","Remove or retain only after substantiation and permission review","Named participant; authentic record; measured outcome; AiCoOpAI role; publication consent",""
"https://aicoopai.com/blog/how-industry-expert-forums-drive-collaborative-innovation","How Industry Expert Forums Drive Collaborative Innovation","CONSOLIDATE","medium","Merge useful material into a sourced evergreen resource and redirect after review","Reader need; current sources; differentiated guidance; factual review; canonical destination","/resources/"
"https://aicoopai.com/blog/how-leading-developer-networks-online-can-boost-your-startup-success","How Leading Developer Networks Online Can Boost Your Startup Success","CONSOLIDATE","medium","Merge useful material into a sourced evergreen resource and redirect after review","Reader need; current sources; differentiated guidance; factual review; canonical destination","/resources/"
"https://aicoopai.com/blog/how-platforms-like-aicoop-ai-are-revolutionizing-tech-collaboration","How Platforms Like Aicoop Ai Are Revolutionizing Tech Collaboration","REMOVE_UNLESS_PROVEN","critical","Remove or retain only after substantiation and permission review","Named participant; authentic record; measured outcome; AiCoOpAI role; publication consent",""
"https://aicoopai.com/blog/how-shared-datasets-are-shaping-the-future-of-ai-research","How Shared Datasets Are Shaping The Future Of Ai Research","CONSOLIDATE","medium","Merge useful material into a sourced evergreen resource and redirect after review","Reader need; current sources; differentiated guidance; factual review; canonical destination","/resources/"
"https://aicoopai.com/blog/how-shared-datasets-drive-innovation-in-the-tech-industry","How Shared Datasets Drive Innovation In The Tech Industry","CONSOLIDATE","medium","Merge useful material into a sourced evergreen resource and redirect after review","Reader need; current sources; differentiated guidance; factual review; canonical destination","/resources/"
"https://aicoopai.com/blog/how-to-choose-the-best-entrepreneur-platform-for-your-needs","How To Choose The Best Entrepreneur Platform For Your Needs","CONSOLIDATE","medium","Merge useful material into a sourced evergreen resource and redirect after review","Reader need; current sources; differentiated guidance; factual review; canonical destination","/resources/"
"https://aicoopai.com/blog/how-to-foster-a-collaborative-tech-community-in-walton-county","How To Foster A Collaborative Tech Community In Walton County","VERIFY_LOCAL","high","Verify local claims and sources or consolidate into an evidence-based Florida guide","Primary local source; organization; location; time period; link; permission when people are identified","/resources/"
"https://aicoopai.com/blog/how-to-leverage-a-tech-community-platform-for-entrepreneurial-growth","How To Leverage A Tech Community Platform For Entrepreneurial Growth","CONSOLIDATE","medium","Merge useful material into a sourced evergreen resource and redirect after review","Reader need; current sources; differentiated guidance; factual review; canonical destination","/resources/"
"https://aicoopai.com/blog/how-to-leverage-aicoop-ai-for-tech-success--a-comprehensive-guide","How To Leverage Aicoop Ai For Tech Success: A Comprehensive Guide","SUBSTANTIATE","high","Substantiate current AiCoOpAI claims or rewrite as an explicitly aspirational concept","Current public feature; responsible owner; date; supporting link; outcome evidence where claimed","/about/"
"https://aicoopai.com/blog/how-to-leverage-aicoop-ai-for-your-startup-s-growth","How To Leverage Aicoop Ai For Your Startup S Growth","SUBSTANTIATE","high","Substantiate current AiCoOpAI claims or rewrite as an explicitly aspirational concept","Current public feature; responsible owner; date; supporting link; outcome evidence where claimed","/about/"
"https://aicoopai.com/blog/how-to-leverage-current-tech-collaboration-trends-for-success","How To Leverage Current Tech Collaboration Trends For Success","CONSOLIDATE","medium","Merge useful material into a sourced evergreen resource and redirect after review","Reader need; current sources; differentiated guidance; factual review; canonical destination","/resources/"
"https://aicoopai.com/blog/how-to-leverage-local-resources-for-tech-success-in-walton-county","How To Leverage Local Resources For Tech Success In Walton County","VERIFY_LOCAL","high","Verify local claims and sources or consolidate into an evidence-based Florida guide","Primary local source; organization; location; time period; link; permission when people are identified","/resources/"
"https://aicoopai.com/blog/how-to-make-the-most-of-an-annual-tech-conference-in-florida","How To Make The Most Of An Annual Tech Conference In Florida","VERIFY_EVENT","high","Verify the event details and usefulness or remove the page","Official organizer; date; venue or access method; registration URL; status; accessibility details","/events/"
"https://aicoopai.com/blog/how-to-make-the-most-of-summer-coding-bootcamps-in-florida","How To Make The Most Of Summer Coding Bootcamps In Florida","VERIFY_EVENT","high","Verify the event details and usefulness or remove the page","Official organizer; date; venue or access method; registration URL; status; accessibility details","/events/"
"https://aicoopai.com/blog/how-to-navigate-industry-expert-forums--tips-for-entrepreneurs","How To Navigate Industry Expert Forums: Tips For Entrepreneurs","CONSOLIDATE","medium","Merge useful material into a sourced evergreen resource and redirect after review","Reader need; current sources; differentiated guidance; factual review; canonical destination","/resources/"
"https://aicoopai.com/blog/how-to-share-your-tech-ideas-effectively-on-aicoop-ai","How To Share Your Tech Ideas Effectively On Aicoop Ai","SUBSTANTIATE","high","Substantiate current AiCoOpAI claims or rewrite as an explicitly aspirational concept","Current public feature; responsible owner; date; supporting link; outcome evidence where claimed","/about/"
"https://aicoopai.com/blog/how-to-stay-updated-with-the-latest-tech-trends","How To Stay Updated With The Latest Tech Trends","CONSOLIDATE","medium","Merge useful material into a sourced evergreen resource and redirect after review","Reader need; current sources; differentiated guidance; factual review; canonical destination","/resources/"
"https://aicoopai.com/blog/how-to-succeed-in-tech--a-guide-for-walton-county-entrepreneurs","How To Succeed In Tech: A Guide For Walton County Entrepreneurs","VERIFY_LOCAL","high","Verify local claims and sources or consolidate into an evidence-based Florida guide","Primary local source; organization; location; time period; link; permission when people are identified","/resources/"
"https://aicoopai.com/blog/industry-expert-forums--how-to-maximize-your-networking-efforts","Industry Expert Forums: How To Maximize Your Networking Efforts","CONSOLIDATE","medium","Merge useful material into a sourced evergreen resource and redirect after review","Reader need; current sources; differentiated guidance; factual review; canonical destination","/resources/"
"https://aicoopai.com/blog/innovation-hubs-in-florida--a-spotlight-on-walton-county-s-tech-scene","Innovation Hubs In Florida: A Spotlight On Walton County S Tech Scene","VERIFY_LOCAL","high","Verify local claims and sources or consolidate into an evidence-based Florida guide","Primary local source; organization; location; time period; link; permission when people are identified","/resources/"
"https://aicoopai.com/blog/innovative-collaborative-tools-for-tech-entrepreneurs","Innovative Collaborative Tools For Tech Entrepreneurs","CONSOLIDATE","medium","Merge useful material into a sourced evergreen resource and redirect after review","Reader need; current sources; differentiated guidance; factual review; canonical destination","/resources/"
"https://aicoopai.com/blog/innovative-resource-sharing-strategies-for-tech-entrepreneurs","Innovative Resource Sharing Strategies For Tech Entrepreneurs","CONSOLIDATE","medium","Merge useful material into a sourced evergreen resource and redirect after review","Reader need; current sources; differentiated guidance; factual review; canonical destination","/resources/"
"https://aicoopai.com/blog/innovative-tech-trends-impacting-local-entrepreneurs","Innovative Tech Trends Impacting Local Entrepreneurs","VERIFY_LOCAL","high","Verify local claims and sources or consolidate into an evidence-based Florida guide","Primary local source; organization; location; time period; link; permission when people are identified","/resources/"
"https://aicoopai.com/blog/join-the-annual-tech-conference-in-florida--what-to-expect-and-how-to-prepare","Join The Annual Tech Conference In Florida: What To Expect And How To Prepare","VERIFY_EVENT","high","Verify the event details and usefulness or remove the page","Official organizer; date; venue or access method; registration URL; status; accessibility details","/events/"
"https://aicoopai.com/blog/leveraging-shared-datasets-for-tech-innovation","Leveraging Shared Datasets For Tech Innovation","CONSOLIDATE","medium","Merge useful material into a sourced evergreen resource and redirect after review","Reader need; current sources; differentiated guidance; factual review; canonical destination","/resources/"
"https://aicoopai.com/blog/leveraging-shared-datasets-for-tech-success","Leveraging Shared Datasets For Tech Success","CONSOLIDATE","medium","Merge useful material into a sourced evergreen resource and redirect after review","Reader need; current sources; differentiated guidance; factual review; canonical destination","/resources/"
"https://aicoopai.com/blog/local-tech-success-stories-from-walton-county-entrepreneurs","Local Tech Success Stories From Walton County Entrepreneurs","REMOVE_UNLESS_PROVEN","critical","Remove or retain only after substantiation and permission review","Named participant; authentic record; measured outcome; AiCoOpAI role; publication consent",""
"https://aicoopai.com/blog/mastering-agile-development--best-practices-for-tech-teams","Mastering Agile Development: Best Practices For Tech Teams","CONSOLIDATE","medium","Merge useful material into a sourced evergreen resource and redirect after review","Reader need; current sources; differentiated guidance; factual review; canonical destination","/resources/"
"https://aicoopai.com/blog/maximizing-collaborative-resource-sharing-with-aicoop-ai","Maximizing Collaborative Resource Sharing With Aicoop Ai","SUBSTANTIATE","high","Substantiate current AiCoOpAI claims or rewrite as an explicitly aspirational concept","Current public feature; responsible owner; date; supporting link; outcome evidence where claimed","/about/"
"https://aicoopai.com/blog/maximizing-collaborative-tools-on-aicoop-ai--a-developer-s-guide","Maximizing Collaborative Tools On Aicoop Ai: A Developer S Guide","SUBSTANTIATE","high","Substantiate current AiCoOpAI claims or rewrite as an explicitly aspirational concept","Current public feature; responsible owner; date; supporting link; outcome evidence where claimed","/about/"
"https://aicoopai.com/blog/maximizing-innovation-with-collaborative-resource-sharing","Maximizing Innovation With Collaborative Resource Sharing","CONSOLIDATE","medium","Merge useful material into a sourced evergreen resource and redirect after review","Reader need; current sources; differentiated guidance; factual review; canonical destination","/resources/"
"https://aicoopai.com/blog/maximizing-your-tech-potential--tips-for-developers-in-walton-county","Maximizing Your Tech Potential: Tips For Developers In Walton County","VERIFY_LOCAL","high","Verify local claims and sources or consolidate into an evidence-based Florida guide","Primary local source; organization; location; time period; link; permission when people are identified","/resources/"
"https://aicoopai.com/blog/myth-busting--common-misconceptions-about-entrepreneur-networking","Myth Busting: Common Misconceptions About Entrepreneur Networking","CONSOLIDATE","medium","Merge useful material into a sourced evergreen resource and redirect after review","Reader need; current sources; differentiated guidance; factual review; canonical destination","/resources/"
"https://aicoopai.com/blog/navigating-aicoop-ai--a-comprehensive-guide-to-collaborative-tools","Navigating Aicoop Ai: A Comprehensive Guide To Collaborative Tools","SUBSTANTIATE","high","Substantiate current AiCoOpAI claims or rewrite as an explicitly aspirational concept","Current public feature; responsible owner; date; supporting link; outcome evidence where claimed","/about/"
"https://aicoopai.com/blog/navigating-developer-resources-in-walton-county--a-comprehensive-overview","Navigating Developer Resources In Walton County: A Comprehensive Overview","VERIFY_LOCAL","high","Verify local claims and sources or consolidate into an evidence-based Florida guide","Primary local source; organization; location; time period; link; permission when people are identified","/resources/"
"https://aicoopai.com/blog/navigating-the-best-entrepreneur-platforms-in-the-us--a-comprehensive-guide","Navigating The Best Entrepreneur Platforms In The Us: A Comprehensive Guide","CONSOLIDATE","medium","Merge useful material into a sourced evergreen resource and redirect after review","Reader need; current sources; differentiated guidance; factual review; canonical destination","/resources/"
"https://aicoopai.com/blog/navigating-the-developer-support-community-at-aicoop-ai","Navigating The Developer Support Community At Aicoop Ai","SUBSTANTIATE","high","Substantiate current AiCoOpAI claims or rewrite as an explicitly aspirational concept","Current public feature; responsible owner; date; supporting link; outcome evidence where claimed","/about/"
"https://aicoopai.com/blog/navigating-the-future-of-tech-innovation-with-aicoop-ai-s-collaborative-tools","Navigating The Future Of Tech Innovation With Aicoop Ai S Collaborative Tools","SUBSTANTIATE","high","Substantiate current AiCoOpAI claims or rewrite as an explicitly aspirational concept","Current public feature; responsible owner; date; supporting link; outcome evidence where claimed","/about/"
"https://aicoopai.com/blog/navigating-the-tech-landscape--tips-for-new-entrepreneurs","Navigating The Tech Landscape: Tips For New Entrepreneurs","CONSOLIDATE","medium","Merge useful material into a sourced evergreen resource and redirect after review","Reader need; current sources; differentiated guidance; factual review; canonical destination","/resources/"
"https://aicoopai.com/blog/navigating-the-world-of-shared-datasets--best-practices-for-developers","Navigating The World Of Shared Datasets: Best Practices For Developers","CONSOLIDATE","medium","Merge useful material into a sourced evergreen resource and redirect after review","Reader need; current sources; differentiated guidance; factual review; canonical destination","/resources/"
"https://aicoopai.com/blog/networking-in-walton-county--a-guide-for-tech-entrepreneurs","Networking In Walton County: A Guide For Tech Entrepreneurs","VERIFY_LOCAL","high","Verify local claims and sources or consolidate into an evidence-based Florida guide","Primary local source; organization; location; time period; link; permission when people are identified","/resources/"
"https://aicoopai.com/blog/planning-your-visit-to-the-annual-tech-conference-in-florida","Planning Your Visit To The Annual Tech Conference In Florida","VERIFY_EVENT","high","Verify the event details and usefulness or remove the page","Official organizer; date; venue or access method; registration URL; status; accessibility details","/events/"
"https://aicoopai.com/blog/platforms-like-aicoop-ai--revolutionizing-tech-collaboration","Platforms Like Aicoop Ai: Revolutionizing Tech Collaboration","REMOVE_UNLESS_PROVEN","critical","Remove or retain only after substantiation and permission review","Named participant; authentic record; measured outcome; AiCoOpAI role; publication consent",""
"https://aicoopai.com/blog/prepare-for-success--what-to-expect-at-a-summer-coding-bootcamp-in-fl","Prepare For Success: What To Expect At A Summer Coding Bootcamp In Fl","VERIFY_EVENT","high","Verify the event details and usefulness or remove the page","Official organizer; date; venue or access method; registration URL; status; accessibility details","/events/"
"https://aicoopai.com/blog/resource-sharing-in-the-tech-industry--overcoming-common-challenges","Resource Sharing In The Tech Industry: Overcoming Common Challenges","CONSOLIDATE","medium","Merge useful material into a sourced evergreen resource and redirect after review","Reader need; current sources; differentiated guidance; factual review; canonical destination","/resources/"
"https://aicoopai.com/blog/seasonal-tech-trends--what-walton-county-entrepreneurs-need-to-know","Seasonal Tech Trends: What Walton County Entrepreneurs Need To Know","VERIFY_LOCAL","high","Verify local claims and sources or consolidate into an evidence-based Florida guide","Primary local source; organization; location; time period; link; permission when people are identified","/resources/"
"https://aicoopai.com/blog/shared-datasets-and-their-impact-on-tech-development","Shared Datasets And Their Impact On Tech Development","CONSOLIDATE","medium","Merge useful material into a sourced evergreen resource and redirect after review","Reader need; current sources; differentiated guidance; factual review; canonical destination","/resources/"
"https://aicoopai.com/blog/sharing-resources-for-tech-innovation--a-guide-for-walton-county-developers","Sharing Resources For Tech Innovation: A Guide For Walton County Developers","VERIFY_LOCAL","high","Verify local claims and sources or consolidate into an evidence-based Florida guide","Primary local source; organization; location; time period; link; permission when people are identified","/resources/"
"https://aicoopai.com/blog/step-by-step--building-a-successful-startup-with-aicoop-ai-s-support","Step By Step: Building A Successful Startup With Aicoop Ai S Support","SUBSTANTIATE","high","Substantiate current AiCoOpAI claims or rewrite as an explicitly aspirational concept","Current public feature; responsible owner; date; supporting link; outcome evidence where claimed","/about/"
"https://aicoopai.com/blog/success-stories--how-aicoop-ai-transformed-local-tech-startups","Success Stories: How Aicoop Ai Transformed Local Tech Startups","REMOVE_UNLESS_PROVEN","critical","Remove or retain only after substantiation and permission review","Named participant; authentic record; measured outcome; AiCoOpAI role; publication consent",""
"https://aicoopai.com/blog/success-stories--how-our-platform-empowers-tech-innovators","Success Stories: How Our Platform Empowers Tech Innovators","REMOVE_UNLESS_PROVEN","critical","Remove or retain only after substantiation and permission review","Named participant; authentic record; measured outcome; AiCoOpAI role; publication consent",""
"https://aicoopai.com/blog/success-stories--how-walton-county-entrepreneurs-achieved-tech-success","Success Stories: How Walton County Entrepreneurs Achieved Tech Success","REMOVE_UNLESS_PROVEN","critical","Remove or retain only after substantiation and permission review","Named participant; authentic record; measured outcome; AiCoOpAI role; publication consent",""
"https://aicoopai.com/blog/success-stories--how-walton-county-entrepreneurs-drive-innovation-on-aicoop-ai","Success Stories: How Walton County Entrepreneurs Drive Innovation On Aicoop Ai","REMOVE_UNLESS_PROVEN","critical","Remove or retain only after substantiation and permission review","Named participant; authentic record; measured outcome; AiCoOpAI role; publication consent",""
"https://aicoopai.com/blog/success-stories-from-aicoop-ai--how-collaboration-drives-tech-innovation","Success Stories From Aicoop Ai: How Collaboration Drives Tech Innovation","REMOVE_UNLESS_PROVEN","critical","Remove or retain only after substantiation and permission review","Named participant; authentic record; measured outcome; AiCoOpAI role; publication consent",""
"https://aicoopai.com/blog/success-stories-from-walton-county--how-aicoop-ai-transformed-local-tech-ventures","Success Stories From Walton County: How Aicoop Ai Transformed Local Tech Ventures","REMOVE_UNLESS_PROVEN","critical","Remove or retain only after substantiation and permission review","Named participant; authentic record; measured outcome; AiCoOpAI role; publication consent",""
"https://aicoopai.com/blog/success-stories-from-walton-county--how-local-tech-entrepreneurs-thrive","Success Stories From Walton County: How Local Tech Entrepreneurs Thrive","REMOVE_UNLESS_PROVEN","critical","Remove or retain only after substantiation and permission review","Named participant; authentic record; measured outcome; AiCoOpAI role; publication consent",""
"https://aicoopai.com/blog/summer-coding-bootcamp-in-florida--what-to-expect-and-how-to-prepare","Summer Coding Bootcamp In Florida: What To Expect And How To Prepare","VERIFY_EVENT","high","Verify the event details and usefulness or remove the page","Official organizer; date; venue or access method; registration URL; status; accessibility details","/events/"
"https://aicoopai.com/blog/summer-coding-bootcamps-in-walton-county--opportunities-with-aicoop-ai","Summer Coding Bootcamps In Walton County: Opportunities With Aicoop Ai","VERIFY_EVENT","high","Verify the event details and usefulness or remove the page","Official organizer; date; venue or access method; registration URL; status; accessibility details","/events/"
"https://aicoopai.com/blog/tech-community-platforms--differentiating-aicoop-ai-in-walton-county","Tech Community Platforms: Differentiating Aicoop Ai In Walton County","VERIFY_LOCAL","high","Verify local claims and sources or consolidate into an evidence-based Florida guide","Primary local source; organization; location; time period; link; permission when people are identified","/resources/"
"https://aicoopai.com/blog/tech-trends-shaping-the-future-of-entrepreneurial-networking","Tech Trends Shaping The Future Of Entrepreneurial Networking","CONSOLIDATE","medium","Merge useful material into a sourced evergreen resource and redirect after review","Reader need; current sources; differentiated guidance; factual review; canonical destination","/resources/"
"https://aicoopai.com/blog/the-annual-tech-conference-in-florida--what-to-expect-and-how-to-prepare","The Annual Tech Conference In Florida: What To Expect And How To Prepare","VERIFY_EVENT","high","Verify the event details and usefulness or remove the page","Official organizer; date; venue or access method; registration URL; status; accessibility details","/events/"
"https://aicoopai.com/blog/the-benefits-of-attending-tech-conferences-in-florida","The Benefits Of Attending Tech Conferences In Florida","VERIFY_EVENT","high","Verify the event details and usefulness or remove the page","Official organizer; date; venue or access method; registration URL; status; accessibility details","/events/"
"https://aicoopai.com/blog/the-benefits-of-joining-aicoop-ai--a-community-for-tech-innovators","The Benefits Of Joining Aicoop Ai: A Community For Tech Innovators","SUBSTANTIATE","high","Substantiate current AiCoOpAI claims or rewrite as an explicitly aspirational concept","Current public feature; responsible owner; date; supporting link; outcome evidence where claimed","/about/"
"https://aicoopai.com/blog/the-benefits-of-joining-leading-developer-networks-online","The Benefits Of Joining Leading Developer Networks Online","CONSOLIDATE","medium","Merge useful material into a sourced evergreen resource and redirect after review","Reader need; current sources; differentiated guidance; factual review; canonical destination","/resources/"
"https://aicoopai.com/blog/the-benefits-of-joining-platforms-like-aicoop-ai-for-tech-professionals","The Benefits Of Joining Platforms Like Aicoop Ai For Tech Professionals","SUBSTANTIATE","high","Substantiate current AiCoOpAI claims or rewrite as an explicitly aspirational concept","Current public feature; responsible owner; date; supporting link; outcome evidence where claimed","/about/"
"https://aicoopai.com/blog/the-best-developer-resources-in-walton-county--a-guide","The Best Developer Resources In Walton County: A Guide","VERIFY_LOCAL","high","Verify local claims and sources or consolidate into an evidence-based Florida guide","Primary local source; organization; location; time period; link; permission when people are identified","/resources/"
"https://aicoopai.com/blog/the-best-entrepreneur-platforms-in-the-us--how-aicoop-ai-stands-out","The Best Entrepreneur Platforms In The Us: How Aicoop Ai Stands Out","SUBSTANTIATE","high","Substantiate current AiCoOpAI claims or rewrite as an explicitly aspirational concept","Current public feature; responsible owner; date; supporting link; outcome evidence where claimed","/about/"
"https://aicoopai.com/blog/the-best-entrepreneur-platforms-in-the-us--how-aicoop-ai-stands-out-2","The Best Entrepreneur Platforms In The Us: How Aicoop Ai Stands Out 2","SUBSTANTIATE","high","Substantiate current AiCoOpAI claims or rewrite as an explicitly aspirational concept","Current public feature; responsible owner; date; supporting link; outcome evidence where claimed","/about/"
"https://aicoopai.com/blog/the-essential-guide-to-developer-resources-in-walton-county","The Essential Guide To Developer Resources In Walton County","VERIFY_LOCAL","high","Verify local claims and sources or consolidate into an evidence-based Florida guide","Primary local source; organization; location; time period; link; permission when people are identified","/resources/"
"https://aicoopai.com/blog/the-future-of-tech--how-aicoopai-com-is-pioneering-aipowered-solutions","The Future Of Tech: How Aicoopai Com Is Pioneering Aipowered Solutions","SUBSTANTIATE","high","Substantiate current AiCoOpAI claims or rewrite as an explicitly aspirational concept","Current public feature; responsible owner; date; supporting link; outcome evidence where claimed","/about/"
"https://aicoopai.com/blog/the-future-of-tech-collaboration--trends-and-insights-from-aicoop-ai","The Future Of Tech Collaboration: Trends And Insights From Aicoop Ai","SUBSTANTIATE","high","Substantiate current AiCoOpAI claims or rewrite as an explicitly aspirational concept","Current public feature; responsible owner; date; supporting link; outcome evidence where claimed","/about/"
"https://aicoopai.com/blog/the-future-of-tech-innovation--insights-from-aicoop-ai","The Future Of Tech Innovation: Insights From Aicoop Ai","SUBSTANTIATE","high","Substantiate current AiCoOpAI claims or rewrite as an explicitly aspirational concept","Current public feature; responsible owner; date; supporting link; outcome evidence where claimed","/about/"
"https://aicoopai.com/blog/the-future-of-tech-innovation-in-walton-county--a-local-perspective","The Future Of Tech Innovation In Walton County: A Local Perspective","VERIFY_LOCAL","high","Verify local claims and sources or consolidate into an evidence-based Florida guide","Primary local source; organization; location; time period; link; permission when people are identified","/resources/"
"https://aicoopai.com/blog/the-future-of-tech-resource-sharing--trends-and-predictions","The Future Of Tech Resource Sharing: Trends And Predictions","CONSOLIDATE","medium","Merge useful material into a sourced evergreen resource and redirect after review","Reader need; current sources; differentiated guidance; factual review; canonical destination","/resources/"
"https://aicoopai.com/blog/the-importance-of-continuous-learning-in-the-tech-industry","The Importance Of Continuous Learning In The Tech Industry","CONSOLIDATE","medium","Merge useful material into a sourced evergreen resource and redirect after review","Reader need; current sources; differentiated guidance; factual review; canonical destination","/resources/"
"https://aicoopai.com/blog/the-power-of-collaborative-resource-sharing-in-tech-innovation","The Power Of Collaborative Resource Sharing In Tech Innovation","CONSOLIDATE","medium","Merge useful material into a sourced evergreen resource and redirect after review","Reader need; current sources; differentiated guidance; factual review; canonical destination","/resources/"
"https://aicoopai.com/blog/the-power-of-collaborative-tools-in-tech-development--aicoop-ai-s-approach","The Power Of Collaborative Tools In Tech Development: Aicoop Ai S Approach","SUBSTANTIATE","high","Substantiate current AiCoOpAI claims or rewrite as an explicitly aspirational concept","Current public feature; responsible owner; date; supporting link; outcome evidence where claimed","/about/"
"https://aicoopai.com/blog/the-power-of-sharing--collaborative-resource-platforms-for-tech-innovators","The Power Of Sharing: Collaborative Resource Platforms For Tech Innovators","CONSOLIDATE","medium","Merge useful material into a sourced evergreen resource and redirect after review","Reader need; current sources; differentiated guidance; factual review; canonical destination","/resources/"
"https://aicoopai.com/blog/the-role-of-collaborative-resource-sharing-in-tech-startups","The Role Of Collaborative Resource Sharing In Tech Startups","CONSOLIDATE","medium","Merge useful material into a sourced evergreen resource and redirect after review","Reader need; current sources; differentiated guidance; factual review; canonical destination","/resources/"
"https://aicoopai.com/blog/the-role-of-industry-expert-forums-in-driving-tech-innovation","The Role Of Industry Expert Forums In Driving Tech Innovation","CONSOLIDATE","medium","Merge useful material into a sourced evergreen resource and redirect after review","Reader need; current sources; differentiated guidance; factual review; canonical destination","/resources/"
"https://aicoopai.com/blog/the-role-of-industry-expert-forums-in-shaping-future-technologies","The Role Of Industry Expert Forums In Shaping Future Technologies","CONSOLIDATE","medium","Merge useful material into a sourced evergreen resource and redirect after review","Reader need; current sources; differentiated guidance; factual review; canonical destination","/resources/"
"https://aicoopai.com/blog/the-ultimate-guide-to-developer-community-resources-in-florida","The Ultimate Guide To Developer Community Resources In Florida","VERIFY_LOCAL","high","Verify local claims and sources or consolidate into an evidence-based Florida guide","Primary local source; organization; location; time period; link; permission when people are identified","/resources/"
"https://aicoopai.com/blog/the-ultimate-guide-to-developer-resources-in-walton-county","The Ultimate Guide To Developer Resources In Walton County","VERIFY_LOCAL","high","Verify local claims and sources or consolidate into an evidence-based Florida guide","Primary local source; organization; location; time period; link; permission when people are identified","/resources/"
"https://aicoopai.com/blog/the-ultimate-guide-to-entrepreneur-platforms-in-the-u-s-","The Ultimate Guide To Entrepreneur Platforms In The U S","CONSOLIDATE","medium","Merge useful material into a sourced evergreen resource and redirect after review","Reader need; current sources; differentiated guidance; factual review; canonical destination","/resources/"
"https://aicoopai.com/blog/top-5-myths-about-online-developer-networks-busted","Top 5 Myths About Online Developer Networks Busted","CONSOLIDATE","medium","Merge useful material into a sourced evergreen resource and redirect after review","Reader need; current sources; differentiated guidance; factual review; canonical destination","/resources/"
"https://aicoopai.com/blog/top-alternatives-to-aicoop-ai-for-tech-collaboration","Top Alternatives To Aicoop Ai For Tech Collaboration","SUBSTANTIATE","high","Substantiate current AiCoOpAI claims or rewrite as an explicitly aspirational concept","Current public feature; responsible owner; date; supporting link; outcome evidence where claimed","/about/"
"https://aicoopai.com/blog/top-collaborative-tools-for-tech-teams--enhance-your-workflow","Top Collaborative Tools For Tech Teams: Enhance Your Workflow","CONSOLIDATE","medium","Merge useful material into a sourced evergreen resource and redirect after review","Reader need; current sources; differentiated guidance; factual review; canonical destination","/resources/"
"https://aicoopai.com/blog/top-developer-community-resources-in-walton-county--fl","Top Developer Community Resources In Walton County: Fl","VERIFY_LOCAL","high","Verify local claims and sources or consolidate into an evidence-based Florida guide","Primary local source; organization; location; time period; link; permission when people are identified","/resources/"
"https://aicoopai.com/blog/top-developer-resources-in-walton-county-for-aspiring-tech-innovators","Top Developer Resources In Walton County For Aspiring Tech Innovators","VERIFY_LOCAL","high","Verify local claims and sources or consolidate into an evidence-based Florida guide","Primary local source; organization; location; time period; link; permission when people are identified","/resources/"
"https://aicoopai.com/blog/top-developer-resources-in-walton-county-for-tech-entrepreneurs","Top Developer Resources In Walton County For Tech Entrepreneurs","VERIFY_LOCAL","high","Verify local claims and sources or consolidate into an evidence-based Florida guide","Primary local source; organization; location; time period; link; permission when people are identified","/resources/"
"https://aicoopai.com/blog/top-entrepreneur-platforms-in-the-us--how-does-aicoop-ai-compare-","Top Entrepreneur Platforms In The Us: How Does Aicoop Ai Compare","SUBSTANTIATE","high","Substantiate current AiCoOpAI claims or rewrite as an explicitly aspirational concept","Current public feature; responsible owner; date; supporting link; outcome evidence where claimed","/about/"
"https://aicoopai.com/blog/top-online-developer-networks-for-entrepreneurs-and-coders","Top Online Developer Networks For Entrepreneurs And Coders","CONSOLIDATE","medium","Merge useful material into a sourced evergreen resource and redirect after review","Reader need; current sources; differentiated guidance; factual review; canonical destination","/resources/"
"https://aicoopai.com/blog/top-platforms-like-aicoop-ai-for-tech-entrepreneurs","Top Platforms Like Aicoop Ai For Tech Entrepreneurs","SUBSTANTIATE","high","Substantiate current AiCoOpAI claims or rewrite as an explicitly aspirational concept","Current public feature; responsible owner; date; supporting link; outcome evidence where claimed","/about/"
"https://aicoopai.com/blog/top-platforms-similar-to-aicoop-ai--a-comparative-analysis","Top Platforms Similar To Aicoop Ai: A Comparative Analysis","SUBSTANTIATE","high","Substantiate current AiCoOpAI claims or rewrite as an explicitly aspirational concept","Current public feature; responsible owner; date; supporting link; outcome evidence where claimed","/about/"
"https://aicoopai.com/blog/top-tips-for-maximizing-your-experience-at-tech-conferences-in-florida","Top Tips For Maximizing Your Experience At Tech Conferences In Florida","VERIFY_EVENT","high","Verify the event details and usefulness or remove the page","Official organizer; date; venue or access method; registration URL; status; accessibility details","/events/"
"https://aicoopai.com/blog/top-tips-for-sharing-resources-effectively-in-the-tech-industry","Top Tips For Sharing Resources Effectively In The Tech Industry","CONSOLIDATE","medium","Merge useful material into a sourced evergreen resource and redirect after review","Reader need; current sources; differentiated guidance; factual review; canonical destination","/resources/"
"https://aicoopai.com/blog/top-trends-in-ai-collaboration--what-tech-entrepreneurs-need-to-know","Top Trends In Ai Collaboration: What Tech Entrepreneurs Need To Know","CONSOLIDATE","medium","Merge useful material into a sourced evergreen resource and redirect after review","Reader need; current sources; differentiated guidance; factual review; canonical destination","/resources/"
"https://aicoopai.com/blog/unlocking-innovation--how-aicoop-ai-is-transforming-tech-collaboration","Unlocking Innovation: How Aicoop Ai Is Transforming Tech Collaboration","REMOVE_UNLESS_PROVEN","critical","Remove or retain only after substantiation and permission review","Named participant; authentic record; measured outcome; AiCoOpAI role; publication consent",""
"https://aicoopai.com/blog/unlocking-innovation--how-aicoop-ai-transforms-tech-collaboration","Unlocking Innovation: How Aicoop Ai Transforms Tech Collaboration","SUBSTANTIATE","high","Substantiate current AiCoOpAI claims or rewrite as an explicitly aspirational concept","Current public feature; responsible owner; date; supporting link; outcome evidence where claimed","/about/"
"https://aicoopai.com/blog/unlocking-innovation--how-aicoopai-com-is-transforming-tech-collaboration","Unlocking Innovation: How Aicoopai Com Is Transforming Tech Collaboration","REMOVE_UNLESS_PROVEN","critical","Remove or retain only after substantiation and permission review","Named participant; authentic record; measured outcome; AiCoOpAI role; publication consent",""
"https://aicoopai.com/blog/unlocking-innovation--the-benefits-of-joining-aicoop-ai-community","Unlocking Innovation: The Benefits Of Joining Aicoop Ai Community","SUBSTANTIATE","high","Substantiate current AiCoOpAI claims or rewrite as an explicitly aspirational concept","Current public feature; responsible owner; date; supporting link; outcome evidence where claimed","/about/"
"https://aicoopai.com/blog/unlocking-tech-success--a-guide-to-platforms-like-aicoop-ai","Unlocking Tech Success: A Guide To Platforms Like Aicoop Ai","SUBSTANTIATE","high","Substantiate current AiCoOpAI claims or rewrite as an explicitly aspirational concept","Current public feature; responsible owner; date; supporting link; outcome evidence where claimed","/about/"
"https://aicoopai.com/blog/unlocking-tech-success-in-walton-county--how-aicoop-ai-is-leading-the-charge","Unlocking Tech Success In Walton County: How Aicoop Ai Is Leading The Charge","REMOVE_UNLESS_PROVEN","critical","Remove or retain only after substantiation and permission review","Named participant; authentic record; measured outcome; AiCoOpAI role; publication consent",""
"https://aicoopai.com/blog/unlocking-the-benefits-of-joining-aicoop-ai--a-community-for-innovators","Unlocking The Benefits Of Joining Aicoop Ai: A Community For Innovators","SUBSTANTIATE","high","Substantiate current AiCoOpAI claims or rewrite as an explicitly aspirational concept","Current public feature; responsible owner; date; supporting link; outcome evidence where claimed","/about/"
"https://aicoopai.com/blog/unlocking-the-power-of-shared-datasets-on-aicoop-ai","Unlocking The Power Of Shared Datasets On Aicoop Ai","SUBSTANTIATE","high","Substantiate current AiCoOpAI claims or rewrite as an explicitly aspirational concept","Current public feature; responsible owner; date; supporting link; outcome evidence where claimed","/about/"
"https://aicoopai.com/blog/why-tech-collaboration-is-key-to-entrepreneurial-success","Why Tech Collaboration Is Key To Entrepreneurial Success","CONSOLIDATE","medium","Merge useful material into a sourced evergreen resource and redirect after review","Reader need; current sources; differentiated guidance; factual review; canonical destination","/resources/"
"https://aicoopai.com/blog/why-walton-county-is-a-hub-for-tech-entrepreneurs","Why Walton County Is A Hub For Tech Entrepreneurs","VERIFY_LOCAL","high","Verify local claims and sources or consolidate into an evidence-based Florida guide","Primary local source; organization; location; time period; link; permission when people are identified","/resources/"
